{"0": {"0": {"0": 382.869504}}, "1": {"0": {"0": 566.673408, "1": 406.4256, "2": 246.177792, "3": 85.929984, "4": 2088.198144, "5": 1449.197568, "6": 810.196992, "7": 171.196416, "8": 4565.23776, "9": 3128.979456, "10": 1692.721152, "11": 256.462848}}, "2": {"0": {"0": 382.537728}}, "3": {"0": {"0": 564.682752, "1": 404.932608, "2": 245.182464, "3": 85.43232, "4": 2084.548608, "5": 1446.54336, "6": 808.538112, "7": 170.532864, "8": 4559.929344, "9": 3125.164032, "10": 1690.39872, "11": 255.633408}}, "4": {"0": {"0": 382.37184}}, "5": {"0": {"0": 563.687424, "1": 404.186112, "2": 244.6848, "3": 85.183488, "4": 2082.72384, "5": 1445.216256, "6": 807.708672, "7": 170.201088, "8": 4557.275136, "9": 3123.25632, "10": 1689.237504, "11": 255.218688}}, "6": {"0": {"0": 382.288896}}, "7": {"0": {"0": 212.585472}}, "8": {"0": {"0": 563.18976, "1": 403.812864, "2": 244.435968, "3": 85.059072, "4": 2081.811456, "5": 1444.552704, "6": 807.293952, "7": 170.0352, "8": 4555.948032, "9": 3122.302464, "10": 1688.656896, "11": 255.011328}}, "9": {"0": {"0": 42.5088}, "1": {"0": 0}}, "10": {"0": {"0": 0}}, "11": {"0": {"0": 606.154752, "1": 446.65344, "2": 287.152128, "3": 127.650816, "4": 2167.658496, "5": 1530.150912, "6": 892.643328, "7": 255.135744, "8": 4684.67712, "9": 3250.658304, "10": 1816.639488, "11": 382.620672}}, "12": {"0": {"0": 42.550272}, "1": {"0": 0}}, "13": {"0": {"0": 0}}, "14": {"0": {"0": 607.15008, "1": 447.399936, "2": 287.649792, "3": 127.899648, "4": 2169.483264, "5": 1531.478016, "6": 893.472768, "7": 255.46752, "8": 4687.331328, "9": 3252.566016, "10": 1817.800704, "11": 383.035392}}, "15": {"0": {"0": 191.18592}}, "16": {"0": {"0": 0}}, "17": {"0": {"0": 563.687424, "1": 404.186112, "2": 244.6848, "3": 85.183488, "4": 2082.72384, "5": 1445.216256, "6": 807.708672, "7": 170.201088, "8": 4557.275136, "9": 3123.25632, "10": 1689.237504, "11": 255.218688}}, "18": {"0": {"0": 191.144448}}, "19": {"0": {"0": 0}}, "20": {"0": {"0": 563.18976, "1": 403.812864, "2": 244.435968, "3": 85.059072, "4": 2081.811456, "5": 1444.552704, "6": 807.293952, "7": 170.0352, "8": 4555.948032, "9": 3122.302464, "10": 1688.656896, "11": 255.011328}}, "flops_fixed": 45.551336000000006}