{"0": {"0": {"0": 0.073984}}, "1": {"0": {"0": 0.11008, "1": 0.078976, "2": 0.047872, "3": 0.016768, "4": 0.404224, "5": 0.280576, "6": 0.156928, "7": 0.03328, "8": 0.882688, "9": 0.605056, "10": 0.327424, "11": 0.049792}}, "2": {"0": {"0": 0.295424}}, "3": {"0": {"0": 0.437248, "1": 0.3136, "2": 0.189952, "3": 0.066304, "4": 1.611264, "5": 1.118208, "6": 0.625152, "7": 0.132096, "8": 3.52256, "9": 2.414336, "10": 1.306112, "11": 0.197888}}, "4": {"0": {"0": 1.180672}}, "5": {"0": {"0": 1.742848, "1": 1.249792, "2": 0.756736, "3": 0.26368, "4": 6.433792, "5": 4.46464, "6": 2.495488, "7": 0.526336, "8": 14.073856, "9": 9.645568, "10": 5.21728, "11": 0.788992}}, "6": {"0": {"0": 4.72064}}, "7": {"0": {"0": 2.624512}}, "8": {"0": {"0": 6.959104, "1": 4.989952, "2": 3.0208, "3": 1.051648, "4": 25.71264, "5": 17.842176, "6": 9.971712, "7": 2.101248, "8": 56.262656, "9": 38.55872, "10": 20.854784, "11": 3.150848}}, "9": {"0": {"0": 0.525312}, "1": {"0": 0}}, "10": {"0": {"0": 0}}, "11": {"0": {"0": 1.87392, "1": 1.380864, "2": 0.887808, "3": 0.394752, "4": 6.695936, "5": 4.726784, "6": 2.757632, "7": 0.78848, "8": 14.467072, "9": 10.038784, "10": 5.610496, "11": 1.182208}}, "12": {"0": {"0": 0.131584}, "1": {"0": 0}}, "13": {"0": {"0": 0}}, "14": {"0": {"0": 0.470016, "1": 0.346368, "2": 0.22272, "3": 0.099072, "4": 1.6768, "5": 1.183744, "6": 0.690688, "7": 0.197632, "8": 3.620864, "9": 2.51264, "10": 1.404416, "11": 0.296192}}, "15": {"0": {"0": 0.590336}}, "16": {"0": {"0": 0}}, "17": {"0": {"0": 1.742848, "1": 1.249792, "2": 0.756736, "3": 0.26368, "4": 6.433792, "5": 4.46464, "6": 2.495488, "7": 0.526336, "8": 14.073856, "9": 9.645568, "10": 5.21728, "11": 0.788992}}, "18": {"0": {"0": 2.36032}}, "19": {"0": {"0": 0}}, "20": {"0": {"0": 6.959104, "1": 4.989952, "2": 3.0208, "3": 1.051648, "4": 25.71264, "5": 17.842176, "6": 9.971712, "7": 2.101248, "8": 56.262656, "9": 38.55872, "10": 20.854784, "11": 3.150848}}, "params_fixed": 0.044808}