{"0": {"0": {"0": 383.533056}}, "1": {"0": {"0": 426.663936}}, "2": {"0": {"0": 382.869504}}, "3": {"0": {"0": 91.404288, "1": 411.899904, "2": 305.068032, "3": 198.23616, "4": 192.761856, "5": 1470.763008, "6": 1044.762624, "7": 618.76224, "8": 304.736256, "9": 3177.252864, "10": 2219.747328, "11": 1262.241792}}, "4": {"0": {"0": 382.537728}}, "5": {"0": {"0": 90.82368, "1": 410.323968, "2": 303.823872, "3": 197.323776, "4": 191.932416, "5": 1467.942912, "6": 1042.60608, "7": 617.269248, "8": 303.657984, "9": 3173.188608, "10": 2216.6784, "11": 1260.168192}}, "6": {"0": {"0": 382.37184}}, "7": {"0": {"0": 90.533376, "1": 409.536, "2": 303.201792, "3": 196.867584, "4": 191.517696, "5": 1466.532864, "6": 1041.527808, "7": 616.522752, "8": 303.118848, "9": 3171.15648, "10": 2215.143936, "11": 1259.131392}}, "8": {"0": {"0": 382.288896}}, "9": {"0": {"0": 90.388224, "1": 409.142016, "2": 302.890752, "3": 196.639488, "4": 191.310336, "5": 1465.82784, "6": 1040.988672, "7": 616.149504, "8": 302.84928, "9": 3170.140416, "10": 2214.376704, "11": 1258.612992}}, "10": {"0": {"0": 616.232448}}, "11": {"0": {"0": 10.637568}, "1": {"0": 0}, "2": {"0": 42.550272}}, "12": {"0": {"0": 0}}, "13": {"0": {"0": 106.500096, "1": 1381.515264, "2": 956.510208, "3": 531.505152, "4": 106.500096, "5": 1381.515264, "6": 956.510208, "7": 531.505152, "8": 106.500096, "9": 1381.515264, "10": 956.510208, "11": 531.505152}}, "14": {"0": {"0": 10.658304}, "1": {"0": 0}, "2": {"0": 42.633216}}, "15": {"0": {"0": 0}}, "16": {"0": {"0": 106.831872, "1": 1382.842368, "2": 957.505536, "3": 532.168704, "4": 106.831872, "5": 1382.842368, "6": 957.505536, "7": 532.168704, "8": 106.831872, "9": 1382.842368, "10": 957.505536, "11": 532.168704}}, "17": {"0": {"0": 382.537728}}, "18": {"0": {"0": 95.634432}}, "19": {"0": {"0": 0}}, "20": {"0": {"0": 106.500096, "1": 1381.515264, "2": 956.510208, "3": 531.505152, "4": 106.500096, "5": 1381.515264, "6": 956.510208, "7": 531.505152, "8": 106.500096, "9": 1381.515264, "10": 956.510208, "11": 531.505152}}, "21": {"0": {"0": 382.37184}}, "22": {"0": {"0": 95.59296}}, "23": {"0": {"0": 0}}, "24": {"0": {"0": 106.334208, "1": 1380.851712, "2": 956.012544, "3": 531.173376, "4": 106.334208, "5": 1380.851712, "6": 956.012544, "7": 531.173376, "8": 106.334208, "9": 1380.851712, "10": 956.012544, "11": 531.173376}}, "25": {"0": {"0": 382.288896}}, "flops_fixed": 76.32208800000001}