{"0": {"0": {"0": 0.01856}}, "1": {"0": {"0": 0.020672}}, "2": {"0": {"0": 0.073984}}, "3": {"0": {"0": 0.017856, "1": 0.080064, "2": 0.059328, "3": 0.038592, "4": 0.037504, "5": 0.2848, "6": 0.202368, "7": 0.119936, "8": 0.0592, "9": 0.614464, "10": 0.429376, "11": 0.244288}}, "4": {"0": {"0": 0.295424}}, "5": {"0": {"0": 0.070528, "1": 0.317824, "2": 0.235392, "3": 0.15296, "4": 0.148736, "5": 1.134848, "6": 0.806144, "7": 0.47744, "8": 0.235136, "9": 2.451584, "10": 1.712768, "11": 0.973952}}, "6": {"0": {"0": 1.180672}}, "7": {"0": {"0": 0.28032, "1": 1.266432, "2": 0.937728, "3": 0.609024, "4": 0.592384, "5": 4.530688, "6": 3.21792, "7": 1.905152, "8": 0.937216, "9": 9.793792, "10": 6.8416, "11": 3.889408}}, "8": {"0": {"0": 4.72064}}, "9": {"0": {"0": 1.117696, "1": 5.056, "2": 3.743232, "3": 2.430464, "4": 2.364416, "5": 18.105344, "6": 12.858368, "7": 7.611392, "8": 3.742208, "9": 39.15008, "10": 27.347456, "11": 15.544832}}, "10": {"0": {"0": 7.610368}}, "11": {"0": {"0": 0.131584}, "1": {"0": 0}, "2": {"0": 0.131584}}, "12": {"0": {"0": 0}}, "13": {"0": {"0": 0.329728, "1": 4.268032, "2": 2.955264, "3": 1.642496, "4": 0.329728, "5": 4.268032, "6": 2.955264, "7": 1.642496, "8": 0.329728, "9": 4.268032, "10": 2.955264, "11": 1.642496}}, "14": {"0": {"0": 0.033024}, "1": {"0": 0}, "2": {"0": 0.033024}}, "15": {"0": {"0": 0}}, "16": {"0": {"0": 0.082944, "1": 1.069056, "2": 0.740352, "3": 0.411648, "4": 0.082944, "5": 1.069056, "6": 0.740352, "7": 0.411648, "8": 0.082944, "9": 1.069056, "10": 0.740352, "11": 0.411648}}, "17": {"0": {"0": 0.295424}}, "18": {"0": {"0": 0.295424}}, "19": {"0": {"0": 0}}, "20": {"0": {"0": 0.329728, "1": 4.268032, "2": 2.955264, "3": 1.642496, "4": 0.329728, "5": 4.268032, "6": 2.955264, "7": 1.642496, "8": 0.329728, "9": 4.268032, "10": 2.955264, "11": 1.642496}}, "21": {"0": {"0": 1.180672}}, "22": {"0": {"0": 1.180672}}, "23": {"0": {"0": 0}}, "24": {"0": {"0": 1.314816, "1": 17.055744, "2": 11.808768, "3": 6.561792, "4": 1.314816, "5": 17.055744, "6": 11.808768, "7": 6.561792, "8": 1.314816, "9": 17.055744, "10": 11.808768, "11": 6.561792}}, "25": {"0": {"0": 4.72064}}, "params_fixed": 0.043944}